{
  "anchors": [
    1.56,
    2.03,
    2.44,
    1.44,
    4.78,
    3.53,
    1.97,
    2.44,
    3.0,
    2.0
  ],
  "inputs": {
    "input0": [
      224,
      224,
      3
    ]
  },
  "outputs": {
    "output0": [
      7,
      7,
      65
    ]
  },
  "params_quantity": 1882961,
  "loss": [
    [
      1,
      1.67785
    ],
    [
      2,
      0.54978
    ],
    [
      3,
      0.36171
    ],
    [
      4,
      0.25368
    ],
    [
      5,
      0.18611
    ],
    [
      6,
      0.73229
    ],
    [
      7,
      0.40378
    ],
    [
      8,
      0.19307
    ],
    [
      9,
      0.10252
    ],
    [
      10,
      0.07181
    ],
    [
      11,
      0.05591
    ],
    [
      12,
      0.04783
    ],
    [
      13,
      0.03397
    ],
    [
      14,
      0.02917
    ],
    [
      15,
      0.02188
    ],
    [
      16,
      0.01943
    ],
    [
      17,
      0.01808
    ],
    [
      18,
      0.02031
    ],
    [
      19,
      0.01449
    ],
    [
      20,
      0.01265
    ],
    [
      21,
      0.01429
    ],
    [
      22,
      0.01881
    ],
    [
      23,
      0.01172
    ],
    [
      24,
      0.01298
    ],
    [
      25,
      0.01097
    ],
    [
      26,
      0.01094
    ],
    [
      27,
      0.01252
    ],
    [
      28,
      0.00913
    ],
    [
      29,
      0.00791
    ],
    [
      30,
      0.00853
    ],
    [
      31,
      0.00708
    ],
    [
      32,
      0.00725
    ],
    [
      33,
      0.00704
    ],
    [
      34,
      0.00664
    ],
    [
      35,
      0.00647
    ],
    [
      36,
      0.00639
    ],
    [
      37,
      0.00681
    ],
    [
      38,
      0.00662
    ],
    [
      39,
      0.00656
    ],
    [
      40,
      0.00551
    ],
    [
      41,
      0.00694
    ],
    [
      42,
      0.006
    ],
    [
      43,
      0.00583
    ],
    [
      44,
      0.00435
    ],
    [
      45,
      0.00424
    ],
    [
      46,
      0.00401
    ],
    [
      47,
      0.00485
    ],
    [
      48,
      0.00409
    ],
    [
      49,
      0.0039
    ],
    [
      50,
      0.00371
    ],
    [
      51,
      0.00327
    ],
    [
      52,
      0.00316
    ],
    [
      53,
      0.00291
    ],
    [
      54,
      0.00287
    ],
    [
      55,
      0.00297
    ],
    [
      56,
      0.00303
    ],
    [
      57,
      0.00304
    ],
    [
      58,
      0.00268
    ],
    [
      59,
      0.00367
    ],
    [
      60,
      0.00327
    ],
    [
      61,
      0.00294
    ],
    [
      62,
      0.00288
    ],
    [
      63,
      0.00272
    ],
    [
      64,
      0.00273
    ],
    [
      65,
      0.00262
    ],
    [
      66,
      0.00268
    ],
    [
      67,
      0.00257
    ],
    [
      68,
      0.00237
    ],
    [
      69,
      0.00217
    ],
    [
      70,
      0.00225
    ],
    [
      71,
      0.00245
    ],
    [
      72,
      0.00261
    ],
    [
      73,
      0.0023
    ],
    [
      74,
      0.00212
    ],
    [
      75,
      0.00207
    ],
    [
      76,
      0.00216
    ],
    [
      77,
      0.00209
    ],
    [
      78,
      0.00192
    ],
    [
      79,
      0.00192
    ],
    [
      80,
      0.0022
    ],
    [
      81,
      0.00215
    ],
    [
      82,
      0.002
    ],
    [
      83,
      0.002
    ],
    [
      84,
      0.00194
    ],
    [
      85,
      0.00178
    ],
    [
      86,
      0.00224
    ],
    [
      87,
      0.00212
    ],
    [
      88,
      0.00197
    ],
    [
      89,
      0.00206
    ],
    [
      90,
      0.00215
    ],
    [
      91,
      0.00168
    ],
    [
      92,
      0.00194
    ],
    [
      93,
      0.00191
    ],
    [
      94,
      0.00192
    ],
    [
      95,
      0.00179
    ],
    [
      96,
      0.00164
    ],
    [
      97,
      0.00152
    ],
    [
      98,
      0.00158
    ],
    [
      99,
      0.00163
    ],
    [
      100,
      0.0015
    ]
  ],
  "acc": [
    [
      1,
      0.19696
    ],
    [
      2,
      0.32242
    ],
    [
      3,
      0.34816
    ],
    [
      4,
      0.36498
    ],
    [
      5,
      0.38137
    ],
    [
      6,
      0.31288
    ],
    [
      7,
      0.30064
    ],
    [
      8,
      0.337
    ],
    [
      9,
      0.36014
    ],
    [
      10,
      0.36351
    ],
    [
      11,
      0.36475
    ],
    [
      12,
      0.36259
    ],
    [
      13,
      0.35441
    ],
    [
      14,
      0.35355
    ],
    [
      15,
      0.35089
    ],
    [
      16,
      0.35074
    ],
    [
      17,
      0.3471
    ],
    [
      18,
      0.34616
    ],
    [
      19,
      0.34585
    ],
    [
      20,
      0.34625
    ],
    [
      21,
      0.34514
    ],
    [
      22,
      0.34835
    ],
    [
      23,
      0.34246
    ],
    [
      24,
      0.33894
    ],
    [
      25,
      0.34343
    ],
    [
      26,
      0.34269
    ],
    [
      27,
      0.3473
    ],
    [
      28,
      0.34684
    ],
    [
      29,
      0.34746
    ],
    [
      30,
      0.34383
    ],
    [
      31,
      0.34451
    ],
    [
      32,
      0.34581
    ],
    [
      33,
      0.34538
    ],
    [
      34,
      0.34748
    ],
    [
      35,
      0.34732
    ],
    [
      36,
      0.3483
    ],
    [
      37,
      0.34833
    ],
    [
      38,
      0.34589
    ],
    [
      39,
      0.3458
    ],
    [
      40,
      0.34599
    ],
    [
      41,
      0.34515
    ],
    [
      42,
      0.34491
    ],
    [
      43,
      0.34239
    ],
    [
      44,
      0.3447
    ],
    [
      45,
      0.3416
    ],
    [
      46,
      0.34089
    ],
    [
      47,
      0.34138
    ],
    [
      48,
      0.34304
    ],
    [
      49,
      0.3425
    ],
    [
      50,
      0.34192
    ],
    [
      51,
      0.34167
    ],
    [
      52,
      0.34089
    ],
    [
      53,
      0.3419
    ],
    [
      54,
      0.34251
    ],
    [
      55,
      0.33982
    ],
    [
      56,
      0.33887
    ],
    [
      57,
      0.34009
    ],
    [
      58,
      0.33871
    ],
    [
      59,
      0.34043
    ],
    [
      60,
      0.33817
    ],
    [
      61,
      0.33988
    ],
    [
      62,
      0.3404
    ],
    [
      63,
      0.33893
    ],
    [
      64,
      0.3377
    ],
    [
      65,
      0.33707
    ],
    [
      66,
      0.33669
    ],
    [
      67,
      0.33932
    ],
    [
      68,
      0.33822
    ],
    [
      69,
      0.33899
    ],
    [
      70,
      0.33844
    ],
    [
      71,
      0.34038
    ],
    [
      72,
      0.33979
    ],
    [
      73,
      0.33939
    ],
    [
      74,
      0.33841
    ],
    [
      75,
      0.33909
    ],
    [
      76,
      0.34082
    ],
    [
      77,
      0.34009
    ],
    [
      78,
      0.33938
    ],
    [
      79,
      0.3394
    ],
    [
      80,
      0.34101
    ],
    [
      81,
      0.33948
    ],
    [
      82,
      0.3398
    ],
    [
      83,
      0.33889
    ],
    [
      84,
      0.34007
    ],
    [
      85,
      0.33835
    ],
    [
      86,
      0.33935
    ],
    [
      87,
      0.33953
    ],
    [
      88,
      0.33854
    ],
    [
      89,
      0.34167
    ],
    [
      90,
      0.3408
    ],
    [
      91,
      0.33894
    ],
    [
      92,
      0.33932
    ],
    [
      93,
      0.34097
    ],
    [
      94,
      0.34114
    ],
    [
      95,
      0.34089
    ],
    [
      96,
      0.33872
    ],
    [
      97,
      0.34068
    ],
    [
      98,
      0.34122
    ],
    [
      99,
      0.34194
    ],
    [
      100,
      0.34036
    ]
  ],